{"cameraMode":{"drawMode":0,"name":"Shaded","section":"Shading Mode"},"sceneLighting":false,"audioPlay":false,"sceneViewState":{"m_AlwaysRefresh":false,"showFog":true,"showSkybox":false,"showFlares":true,"showImageEffects":true,"showParticleSystems":true,"showVisualEffectGraphs":true,"m_FxEnabled":true},"in2DMode":false,"pivot":{"x":-0.008190445601940155,"y":0.11741206794977188,"z":0.05986800789833069},"rotation":{"x":-0.03283229097723961,"y":-0.9109540581703186,"z":-0.07395140826702118,"w":0.4045132100582123},"size":0.22756752371788026,"orthographic":true}