{"cameraMode":{"drawMode":0,"name":"Shaded","section":"Shading Mode"},"sceneLighting":false,"audioPlay":false,"sceneViewState":{"m_AlwaysRefresh":false,"showFog":true,"showSkybox":false,"showFlares":true,"showImageEffects":true,"showParticleSystems":true,"showVisualEffectGraphs":true,"m_FxEnabled":true},"in2DMode":false,"pivot":{"x":4.539679050445557,"y":1.5062808990478516,"z":-4.062433242797852},"rotation":{"x":-0.0005115130334161222,"y":-0.5282208323478699,"z":-0.00031754758674651384,"w":0.8491126894950867},"size":2.413242816925049,"orthographic":true}