{"cameraMode":{"drawMode":0,"name":"Shaded","section":"Shading Mode"},"sceneLighting":false,"audioPlay":false,"sceneViewState":{"m_AlwaysRefresh":false,"showFog":true,"showSkybox":false,"showFlares":true,"showImageEffects":true,"showParticleSystems":true,"showVisualEffectGraphs":true,"m_FxEnabled":true},"in2DMode":false,"pivot":{"x":-0.32911214232444765,"y":0.6761900186538696,"z":0.14989864826202393},"rotation":{"x":0.04405849426984787,"y":-0.9341000914573669,"z":0.12402614951133728,"w":0.3318968713283539},"size":1.4597002267837525,"orthographic":true}