{"cameraMode":{"drawMode":0,"name":"Shaded","section":"Shading Mode"},"sceneLighting":false,"audioPlay":false,"sceneViewState":{"m_AlwaysRefresh":false,"showFog":true,"showSkybox":false,"showFlares":true,"showImageEffects":true,"showParticleSystems":true,"showVisualEffectGraphs":true,"m_FxEnabled":true},"in2DMode":false,"pivot":{"x":-0.32911214232444765,"y":0.6761900186538696,"z":0.14989864826202393},"rotation":{"x":-0.006045641843229532,"y":-0.9911082983016968,"z":0.12403411418199539,"w":-0.048206623643636706},"size":1.6920146942138672,"orthographic":true}