{"cameraMode":{"drawMode":0,"name":"Shaded","section":"Shading Mode"},"sceneLighting":false,"audioPlay":false,"sceneViewState":{"m_AlwaysRefresh":false,"showFog":true,"showSkybox":false,"showFlares":true,"showImageEffects":true,"showParticleSystems":true,"showVisualEffectGraphs":true,"m_FxEnabled":true},"in2DMode":false,"pivot":{"x":-0.6706116795539856,"y":2.2397854328155519,"z":-5.729847431182861},"rotation":{"x":0.07874733209609986,"y":0.04185578599572182,"z":-0.0033054219093173744,"w":0.996015727519989},"size":2.1251559257507326,"orthographic":true}