{"cameraMode":{"drawMode":0,"name":"Shaded","section":"Shading Mode"},"sceneLighting":false,"audioPlay":false,"sceneViewState":{"m_AlwaysRefresh":false,"showFog":true,"showSkybox":false,"showFlares":true,"showImageEffects":true,"showParticleSystems":true,"showVisualEffectGraphs":true,"m_FxEnabled":true},"in2DMode":false,"pivot":{"x":-0.32911217212677,"y":0.376736044883728,"z":0.14989864826202393},"rotation":{"x":0.00620722770690918,"y":-0.7248861789703369,"z":0.006517000962048769,"w":0.6888271570205689},"size":0.9575443267822266,"orthographic":true}