{"cameraMode":{"drawMode":0,"name":"Shaded","section":"Shading Mode"},"sceneLighting":false,"audioPlay":false,"sceneViewState":{"m_AlwaysRefresh":false,"showFog":true,"showSkybox":false,"showFlares":true,"showImageEffects":true,"showParticleSystems":true,"showVisualEffectGraphs":true,"m_FxEnabled":true},"in2DMode":false,"pivot":{"x":-0.32911214232444765,"y":0.6761900186538696,"z":0.14989864826202393},"rotation":{"x":-0.046335142105817798,"y":-0.8172088265419006,"z":0.06633300334215164,"w":-0.5706778168678284},"size":2.998581886291504,"orthographic":true}