{"cameraMode":{"drawMode":0,"name":"Shaded","section":"Shading Mode"},"sceneLighting":false,"audioPlay":false,"sceneViewState":{"m_AlwaysRefresh":false,"showFog":true,"showSkybox":false,"showFlares":true,"showImageEffects":true,"showParticleSystems":true,"showVisualEffectGraphs":true,"m_FxEnabled":true},"in2DMode":false,"pivot":{"x":-1.7706577777862549,"y":3.351731777191162,"z":-2.3186392784118654},"rotation":{"x":-0.00638143066316843,"y":-0.9882140755653381,"z":0.04301704838871956,"w":-0.14692723751068116},"size":1.9698686599731446,"orthographic":false}