{"cameraMode":{"drawMode":0,"name":"Shaded","section":"Shading Mode"},"sceneLighting":true,"audioPlay":false,"sceneViewState":{"m_AlwaysRefresh":false,"showFog":true,"showSkybox":true,"showFlares":true,"showImageEffects":true,"showParticleSystems":true,"showVisualEffectGraphs":true,"m_FxEnabled":true},"in2DMode":false,"pivot":{"x":2.9802322387695315e-8,"y":0.600248396396637,"z":-0.11477386951446533},"rotation":{"x":-0.20024432241916657,"y":0.052299048751592639,"z":-0.010703525505959988,"w":-0.9782965183258057},"size":11.259490013122559,"orthographic":true}