{"cameraMode":{"drawMode":0,"name":"Shaded","section":"Shading Mode"},"sceneLighting":true,"audioPlay":false,"sceneViewState":{"m_AlwaysRefresh":false,"showFog":true,"showSkybox":true,"showFlares":true,"showImageEffects":true,"showParticleSystems":true,"showVisualEffectGraphs":true,"m_FxEnabled":true},"in2DMode":false,"pivot":{"x":-36.541404724121097,"y":40.495635986328128,"z":-23.53853988647461},"rotation":{"x":-0.20810803771018983,"y":-0.5004765391349793,"z":0.12535353004932404,"w":-0.8309786915779114},"size":20.532888412475587,"orthographic":false}