{"cameraMode":{"drawMode":0,"name":"Shaded","section":"Shading Mode"},"sceneLighting":true,"audioPlay":false,"sceneViewState":{"m_AlwaysRefresh":false,"showFog":true,"showSkybox":true,"showFlares":true,"showImageEffects":true,"showParticleSystems":true,"showVisualEffectGraphs":true,"m_FxEnabled":true},"in2DMode":false,"pivot":{"x":367.5225830078125,"y":269.3763732910156,"z":30.336200714111329},"rotation":{"x":-0.0053939055651426319,"y":-0.03808210417628288,"z":0.00020781988860107958,"w":-0.9992664456367493},"size":259.9041748046875,"orthographic":true}