{"cameraMode":{"drawMode":0,"name":"Shaded","section":"Shading Mode"},"sceneLighting":false,"audioPlay":false,"sceneViewState":{"m_AlwaysRefresh":false,"showFog":true,"showSkybox":false,"showFlares":true,"showImageEffects":true,"showParticleSystems":true,"showVisualEffectGraphs":true,"m_FxEnabled":true},"in2DMode":false,"pivot":{"x":-0.25520968437194826,"y":0.08294013887643814,"z":-1.9408239126205445},"rotation":{"x":-0.01171048078685999,"y":-0.9873891472816467,"z":0.10990402102470398,"w":-0.11715960502624512},"size":2.828428030014038,"orthographic":false}