{"cameraMode":{"drawMode":0,"name":"Shaded","section":"Shading Mode"},"sceneLighting":false,"audioPlay":false,"sceneViewState":{"m_AlwaysRefresh":false,"showFog":true,"showSkybox":false,"showFlares":true,"showImageEffects":true,"showParticleSystems":true,"showVisualEffectGraphs":true,"m_FxEnabled":true},"in2DMode":false,"pivot":{"x":9.462237358093262e-7,"y":0.19269680976867677,"z":-0.15319539606571198},"rotation":{"x":-0.22165405750274659,"y":0.30378636717796328,"z":-0.0728970542550087,"w":-0.9237479567527771},"size":0.270490437746048,"orthographic":false}