{"cameraMode":{"drawMode":0,"name":"Shaded","section":"Shading Mode"},"sceneLighting":false,"audioPlay":false,"sceneViewState":{"m_AlwaysRefresh":false,"showFog":true,"showSkybox":false,"showFlares":true,"showImageEffects":true,"showParticleSystems":true,"showVisualEffectGraphs":true,"m_FxEnabled":true},"in2DMode":false,"pivot":{"x":-0.039999961853027347,"y":2.1000001430511476,"z":-3.0299997329711916},"rotation":{"x":-0.09580754488706589,"y":-0.4308926463127136,"z":0.046052396297454837,"w":-0.8961416482925415},"size":12.12435531616211,"orthographic":true}