{"cameraMode":{"drawMode":0,"name":"Shaded","section":"Shading Mode"},"sceneLighting":false,"audioPlay":false,"sceneViewState":{"m_AlwaysRefresh":false,"showFog":true,"showSkybox":false,"showFlares":true,"showImageEffects":true,"showParticleSystems":true,"showVisualEffectGraphs":true,"m_FxEnabled":true},"in2DMode":false,"pivot":{"x":-0.00009590387344360352,"y":0.7688536047935486,"z":-0.11477386951446533},"rotation":{"x":-0.082389235496521,"y":0.021231478080153467,"z":-0.0017688474617898465,"w":-0.9963918328285217},"size":4.134554386138916,"orthographic":true}