{"cameraMode":{"drawMode":0,"name":"Shaded","section":"Shading Mode"},"sceneLighting":false,"audioPlay":false,"sceneViewState":{"m_AlwaysRefresh":false,"showFog":true,"showSkybox":false,"showFlares":true,"showImageEffects":true,"showParticleSystems":true,"showVisualEffectGraphs":true,"m_FxEnabled":true},"in2DMode":false,"pivot":{"x":-0.00009590387344360352,"y":0.7688536047935486,"z":-0.11477386951446533},"rotation":{"x":-0.07767009735107422,"y":-0.0803636834025383,"z":0.006268152967095375,"w":-0.9937341809272766},"size":1.5728106498718262,"orthographic":true}