{"cameraMode":{"drawMode":0,"name":"Shaded","section":"Shading Mode"},"sceneLighting":false,"audioPlay":false,"sceneViewState":{"m_AlwaysRefresh":false,"showFog":true,"showSkybox":false,"showFlares":true,"showImageEffects":true,"showParticleSystems":true,"showVisualEffectGraphs":true,"m_FxEnabled":true},"in2DMode":false,"pivot":{"x":0.1660226583480835,"y":0.4209785461425781,"z":0.6040847301483154},"rotation":{"x":-0.4509262442588806,"y":-0.06016068533062935,"z":0.030566183850169183,"w":-0.8901544809341431},"size":1.7782654762268067,"orthographic":false}